<?xml version="1.0" encoding="UTF-8"?>
<addon id="plugin.audio.radiosindia"
version="0.3.4"
name="Radios India"
provider-name="gujal">
<requires>
  <import addon="xbmc.python" version="2.20.0"/>
  <import addon="script.module.requests" version="2.4.3"/>
  <import addon="script.module.beautifulsoup4" version="4.0.0"/>
  <import addon="script.module.future" version="0.0.1"/>
</requires>
<extension point="xbmc.python.pluginsource" library="main.py">
  <provides>audio</provides>
</extension>
<extension point="xbmc.addon.metadata">
	<summary>Radios India</summary>
	<description>Radios India is a popular site to listen to Radio Stations from around India</description>
	<disclaimer>This addon provides access to Radios India website and is not liable for any content hosted on that site</disclaimer>
  	<news>
[B]Version 0.3.3 - 11 Mar 2020[/B]
- Add Gujarati, Marathi, Odia, Konkani and English News categories
- PY2/3 compatibility
	</news>
	<assets>
		<icon>icon.png</icon>
		<fanart>fanart.jpg</fanart>
		<screenshot>resources/images/screenshot-01.jpg</screenshot>
		<screenshot>resources/images/screenshot-02.jpg</screenshot>
		<screenshot>resources/images/screenshot-03.jpg</screenshot>
	</assets>
</extension>
</addon>
