<?xml version="1.0" encoding="UTF-8" standalone="yes"?>
<addon id="repository.gujal" name="Gujal Addon Repository" version="1.9.1" provider-name="Gujal">
	<extension point="xbmc.addon.repository" name="Gujal Addons Repository">
		<info compressed="false">https://raw.github.com/Gujal00/GujalKodiWork/master/matrix_plus/addons.xml</info>
		<checksum>https://raw.github.com/Gujal00/GujalKodiWork/master/matrix_plus/addons.xml.md5</checksum>
		<datadir zip="true">https://raw.github.com/Gujal00/GujalKodiWork/master/matrix_plus/zips</datadir>
	</extension>
	<extension point="xbmc.addon.metadata">
		<summary>Third party Addons for Kodi</summary>
		<description>Gujal Addons Repository</description>
		<platform>all</platform>
	</extension>
</addon>
