<?xml version="1.0" encoding="UTF-8"?>
<addon id="plugin.video.voot"
version="1.0.5"
name="Voot"
provider-name="Gujal">
<requires>
	<import addon="xbmc.python" version="2.24.0"/>
	<import addon="script.module.requests" version="2.4.3"/>
	<import addon="script.common.plugin.cache" version="2.5.5"/>
</requires>
<extension point="xbmc.python.pluginsource" library="main.py">
	<provides>video</provides>
</extension>
<extension point="xbmc.addon.metadata">
	<summary>VOOT - Watch Free Online TV Shows, Movies, Kids Shows HD Quality on VOOT. Keep Vooting.</summary>
	<description>Voot is a video on-demand platform, part of Viacom 18 Digital Ventures, the digital arm of Viacom 18 - one of the country’s largest growing media networks.
With over 35,000 hours of exciting content for audiences with varying choices and preferences, covering Colors (Hindi), MTV, Nickelodeon, Viacom18 Motion Pictures, Colors Kannada, Colors Marathi, Colors Bangla, Colors Super and Colors Gujarati, Voot offers the biggest TV Shows, Blockbuster Movies, your favorite Toons &amp; Voot Originals, absolutely Free.</description>
	<platform>all</platform>
	<website>https://github.com/Gujal00/GujalKodiWork</website>
	<disclaimer>This 3rd party addon is not in any way commissioned or endorsed by Viacom 18</disclaimer>
	<news>
[B]Version 1.0.5 - 11 Dec 2018[/B]
- API url change
- Add Pagination
	</news>
	<assets>
		<icon>icon.png</icon>
		<fanart>fanart.jpg</fanart>
		<screenshot>resources/screenshot-01.jpg</screenshot>
		<screenshot>resources/screenshot-02.jpg</screenshot>
		<screenshot>resources/screenshot-03.jpg</screenshot>
	</assets>
</extension>
</addon>
