<?xml version="1.0" encoding="UTF-8"?>
<addon id="plugin.audio.jiomusic"
version="0.5.1"
name="Jio Music"
provider-name="gujal">
<requires>
  <import addon="xbmc.python" version="2.20.0"/>
  <import addon="script.module.requests" version="2.4.3"/>
  <import addon="script.common.plugin.cache" version="2.5.5"/>
</requires>
<extension point="xbmc.python.pluginsource" library="main.py">
  <provides>audio</provides>
</extension>
<extension point="xbmc.addon.metadata">
  <summary>Jio Music</summary>
  <description>Music for every moment. Millions of music tracks across various genres, moods, artists and languages. Right music for every moment!</description>
  <disclaimer>This 3rd party addon is not in any way commissioned or endorsed by Jio</disclaimer>
  <news>
[B]Version 0.5.0 - 19 Jul 2018[/B]
- Fix errors in Infolabels
  </news>
  <assets>
    <icon>icon.png</icon>
    <fanart>fanart.jpg</fanart>
    <screenshot>resources/screenshot-01.jpg</screenshot>
    <screenshot>resources/screenshot-02.jpg</screenshot>
    <screenshot>resources/screenshot-03.jpg</screenshot>
  </assets>
</extension>
</addon>
