<?xml version="1.0" encoding="UTF-8" standalone="yes"?>
<addon id="repository.gujal" name="Gujal Addon Repository" version="1.9" provider-name="Gujal">
	<extension point="xbmc.addon.repository" name="Gujal Addons Repository">
		<dir>
			<info compressed="true">https://raw.githubusercontent.com/back-to/repo/master/addons.xml</info>
			<checksum>https://raw.githubusercontent.com/back-to/repo/master/addons.xml.md5</checksum>
			<datadir zip="true">https://raw.githubusercontent.com/back-to/repo/master/</datadir>
		</dir>
		<info compressed="false">https://raw.github.com/Gujal00/GujalKodiWork/master/upto_leia/addons.xml</info>
		<checksum>https://raw.github.com/Gujal00/GujalKodiWork/master/upto_leia/addons.xml.md5</checksum>
		<datadir zip="true">https://raw.github.com/Gujal00/GujalKodiWork/master/upto_leia/zips</datadir>
	</extension>
	<extension point="xbmc.addon.metadata">
		<summary>Third party Addons for Kodi</summary>
		<description>Gujal Addons Repository</description>
		<platform>all</platform>
	</extension>
</addon>
