<?xml version="1.0" encoding="UTF-8"?>
<addon id="plugin.video.sonyliv"
version="1.1.4"
name="SonyLIV"
provider-name="gujal">
<requires>
	<import addon="xbmc.python" version="2.25.0"/>
	<import addon="script.module.requests" version="2.4.3"/>
	<import addon="script.common.plugin.cache" version="2.5.5"/>
</requires>
<extension point="xbmc.python.pluginsource" library="main.py">
	<provides>video</provides>
</extension>
<extension point="xbmc.addon.metadata">
	<summary>SonyLIV is a one stop destination for Audio/Video content from Sony Pictures Networks</summary>
	<description>SonyLIV is the first premium Video on Demand (VOD) service by Sony Pictures Networks India Private Limited (SPN), providing multi-screen engagement to users on all devices.
Launched in January 2013, it enables users to discover 20 years of rich content from the network channels of Sony Pictures Networks India Private Limited.
	</description>
	<platform>all</platform>
	<website></website>
	<disclaimer>This 3rd party addon is not in any way commissioned or endorsed by Sony Pictures Networks India Pvt. Ltd.</disclaimer>
	<news>
[B]Version 1.1.4 - 13 Dec 2018[/B]
- Fallback to HLS when individual qualities are not available
	</news>
	<assets>
		<icon>icon.png</icon>
		<fanart>fanart.jpg</fanart>
		<screenshot>resources/screenshot-01.jpg</screenshot>
		<screenshot>resources/screenshot-02.jpg</screenshot>
		<screenshot>resources/screenshot-03.jpg</screenshot>
	</assets>
</extension>
</addon>
